Account Number,Date,Amount (£)
RWC1,02/08/2024,12
RWC1,30/08/2024,12
RWC1,26/09/2024,12
RWC1,24/10/2024,12
RWC1,22/11/2024,12
RWC1,16/12/2024,12
RWC1,16/12/2024,12
RWC1,15/01/2025,12
RWC1,12/02/2025,12
RWC1,12/03/2025,12
RWC1,09/04/2025,£12
RWC1,08/05/2025,£12
RWC1,04/06/2025,£24
RWC1,02/07/2025,£12
RWC10,20/08/2024,10
RWC10,17/09/2024,10
RWC10,15/10/2024,10
RWC10,12/11/2024,10
RWC10,05/12/2024,10
RWC10,07/01/2025,10
RWC10,07/01/2025,10
RWC10,30/01/2025,10
RWC10,04/03/2025,10
RWC10,01/04/2025,£10
RWC10,28/04/2025,£10
RWC10,26/05/2025,£10
RWC10,23/06/2025,£10
RWC100,21/08/2024,15
RWC100,17/09/2024,15
RWC100,16/10/2024,15
RWC100,13/11/2024,15
RWC100,05/12/2024,15
RWC100,08/01/2025,15
RWC100,04/02/2025,15
RWC100,05/03/2025,15
RWC100,01/04/2025,£15
RWC100,28/04/2025,£15
RWC100,27/05/2025,£15
RWC100,23/06/2025,£15
RWC101,19/08/2024,15
RWC101,15/10/2024,15
RWC101,09/12/2024,15
RWC101,30/01/2025,15
RWC101,26/05/2025,£15
RWC102,20/08/2024,15
RWC102,16/09/2024,15
RWC102,15/10/2024,15
RWC102,12/11/2024,15
RWC102,05/12/2024,15
RWC102,07/01/2025,15
RWC102,30/01/2025,15
RWC102,04/03/2025,15
RWC102,01/04/2025,£15
RWC102,28/04/2025,£18
RWC102,26/05/2025,£18
RWC102,23/06/2025,£18
RWC104,06/09/2024,15
RWC104,01/11/2024,15
RWC104,19/12/2024,15
RWC104,20/02/2025,15
RWC104,14/04/2025,£15
RWC104,21/04/2025,£0
RWC104,11/06/2025,£15
RWC105,06/08/2024,6
RWC105,04/09/2024,6
RWC105,01/10/2024,6
RWC105,31/10/2024,6
RWC105,28/11/2024,6
RWC105,17/12/2024,6
RWC105,21/01/2025,6
RWC105,18/02/2025,6
RWC105,18/03/2025,6
RWC105,15/04/2025,8
RWC105,13/05/2025,8
RWC105,09/06/2025,8
RWC105,08/07/2025,8
RWC106,05/09/2024,40
RWC106,31/10/2024,40
RWC106,18/12/2024,40
RWC106,18/02/2025,40
RWC106,10/06/2025,£45
RWC107,05/08/2024,20
RWC107,03/09/2024,64
RWC107,03/09/2024,20
RWC107,04/10/2024,20
RWC107,30/10/2024,20
RWC107,27/11/2024,20
RWC107,17/12/2024,20
RWC107,20/01/2025,20
RWC107,17/02/2025,20
RWC107,17/03/2025,20
RWC107,14/04/2025,£20
RWC107,12/05/2025,£22
RWC107,09/06/2025,£22
RWC107,07/07/2025,£22
RWC108,20/08/2024,12
RWC108,16/09/2024,12
RWC108,15/10/2024,12
RWC108,12/11/2024,12
RWC108,05/12/2024,12
RWC108,07/01/2025,12
RWC108,30/01/2025,12
RWC108,03/03/2025,12
RWC108,01/04/2025,£12
RWC108,28/04/2025,£12
RWC108,26/05/2025,£12
RWC108,23/06/2025,£12
RWC109,21/08/2024,12
RWC109,18/09/2024,12
RWC109,16/10/2024,12
RWC109,13/11/2024,12
RWC109,05/12/2024,12
RWC109,08/01/2025,12
RWC109,04/02/2025,12
RWC109,05/03/2025,12
RWC109,01/04/2025,£6
RWC109,29/04/2025,£12
RWC109,27/05/2025,£12
RWC109,23/06/2025,£12
RWC11,02/09/2024,12
RWC11,23/09/2024,12
RWC11,22/10/2024,12
RWC11,19/11/2024,12
RWC11,10/12/2024,12
RWC11,16/01/2025,12
RWC11,10/02/2025,12
RWC11,10/03/2025,12
RWC11,07/04/2025,£12
RWC11,06/05/2025,£12
RWC11,02/06/2025,£12
RWC11,02/07/2025,£12
RWC110,14/08/2024,20
RWC110,10/10/2024,20
RWC110,03/12/2024,20
RWC110,29/01/2025,20
RWC110,26/02/2025,10
RWC110,23/04/2025,£20
RWC110,17/06/2025,£20
RWC111,13/08/2024,20
RWC111,09/10/2024,20
RWC111,03/12/2024,20
RWC111,28/01/2025,20
RWC111,26/02/2025,20
RWC111,25/03/2025,£20
RWC111,20/05/2025,£20
RWC112,12/08/2024,15
RWC112,09/09/2024,15
RWC112,08/10/2024,15
RWC112,05/11/2024,15
RWC112,02/12/2024,15
RWC112,31/12/2024,15
RWC112,27/01/2025,15
RWC112,24/02/2025,15
RWC112,24/03/2025,£15
RWC112,22/04/2025,£18
RWC112,19/05/2025,£18
RWC112,16/06/2025,£18
RWC113,15/08/2024,18
RWC113,11/10/2024,18
RWC113,03/12/2024,18
RWC113,29/01/2025,18
RWC113,27/02/2025,18
RWC113,24/04/2025,£18
RWC113,18/06/2025,£18
RWC114,15/08/2024,20
RWC114,11/10/2024,20
RWC114,03/12/2024,20
RWC114,29/01/2025,20
RWC114,27/02/2025,20
RWC114,26/03/2025,£20
RWC114,24/04/2025,£20
RWC114,22/05/2025,£20
RWC114,18/06/2025,£20
RWC115,21/08/2024,15
RWC115,17/09/2024,15
RWC115,16/10/2024,15
RWC115,13/11/2024,15
RWC115,05/12/2024,15
RWC115,08/01/2025,15
RWC115,04/02/2025,15
RWC115,05/03/2025,15
RWC115,01/04/2025,£15
RWC115,28/04/2025,£18
RWC115,27/05/2025,£18
RWC115,23/06/2025,£18
RWC116,21/08/2024,18
RWC116,18/09/2024,18
RWC116,16/10/2024,18
RWC116,13/11/2024,18
RWC116,05/12/2024,18
RWC116,08/01/2025,18
RWC116,04/02/2025,18
RWC116,05/03/2025,18
RWC116,01/04/2025,£18
RWC116,28/04/2025,£18
RWC116,27/05/2025,£18
RWC116,23/06/2025,£18
RWC117,18/09/2024,40
RWC117,13/11/2024,40
RWC117,08/01/2025,40
RWC117,05/03/2025,40
RWC117,29/04/2025,£40
RWC118,23/09/2024,40
RWC118,19/11/2024,40
RWC118,16/01/2025,40
RWC118,10/03/2025,40
RWC118,06/05/2025,£40
RWC118,02/07/2025,£40
RWC119,03/09/2024,35
RWC119,24/10/2024,35
RWC119,13/12/2024,35
RWC119,12/02/2025,35
RWC119,09/04/2025,£35
RWC119,03/06/2025,£35
RWC12,21/08/2024,8
RWC12,18/09/2024,8
RWC12,16/10/2024,8
RWC12,13/11/2024,8
RWC12,05/12/2024,8
RWC12,08/01/2025,8
RWC12,04/02/2025,8
RWC12,05/03/2025,8
RWC12,01/04/2025,£8
RWC12,29/04/2025,£10
RWC12,27/05/2025,£10
RWC12,23/06/2025,£10
RWC120,14/08/2024,30
RWC120,04/12/2024,30
RWC120,29/01/2025,30
RWC120,26/02/2025,30
RWC120,23/04/2025,£35
RWC120,18/06/2025,£35
RWC121,19/08/2024,18
RWC121,16/09/2024,18
RWC121,15/10/2024,18
RWC121,12/11/2024,18
RWC121,12/11/2024,30
RWC121,12/11/2024,30
RWC121,09/12/2024,18
RWC121,07/01/2025,18
RWC121,30/01/2025,18
RWC121,03/03/2025,18
RWC121,28/04/2025,£18
RWC121,26/05/2025,£18
RWC121,23/06/2025,£18
RWC121,11/07/2025,£18
RWC122,27/08/2024,15
RWC122,24/09/2024,15
RWC122,23/10/2024,15
RWC122,29/10/2024,38
RWC122,29/10/2024,60
RWC122,19/11/2024,15
RWC122,12/12/2024,15
RWC122,14/01/2025,15
RWC122,11/02/2025,15
RWC122,11/03/2025,15
RWC122,08/04/2025,£15
RWC122,06/05/2025,£15
RWC122,02/06/2025,£15
RWC122,01/07/2025,£15
RWC123,12/08/2024,22
RWC123,08/10/2024,22
RWC123,02/12/2024,22
RWC123,27/01/2025,22
RWC123,24/02/2025,22
RWC123,21/04/2025,£22
RWC123,16/06/2025,£22
RWC124,03/09/2024,25
RWC124,24/10/2024,25
RWC124,13/12/2024,25
RWC124,12/02/2025,25
RWC124,09/04/2025,£30
RWC124,03/06/2025,£30
RWC125,09/08/2024,30
RWC125,03/10/2024,30
RWC125,29/11/2024,30
RWC125,23/01/2025,30
RWC125,19/03/2025,30
RWC125,15/05/2025,£30
RWC125,10/07/2025,£30
RWC126,30/08/2024,30
RWC126,25/10/2024,30
RWC126,16/12/2024,30
RWC126,13/02/2025,30
RWC126,10/04/2025,£30
RWC126,04/06/2025,£30
RWC127,20/08/2024,15
RWC127,16/09/2024,15
RWC127,15/10/2024,15
RWC127,12/11/2024,15
RWC127,05/12/2024,15
RWC127,07/01/2025,15
RWC127,30/01/2025,15
RWC127,03/03/2025,15
RWC127,28/04/2025,£15
RWC127,26/05/2025,£15
RWC127,23/06/2025,£15
RWC128,20/08/2024,20
RWC128,16/10/2024,20
RWC128,05/12/2024,20
RWC128,04/02/2025,20
RWC128,01/04/2025,£20
RWC128,27/05/2025,£20
RWC128,27/05/2025,£36
RWC128,27/05/2025,£96
RWC129,02/08/2024,20
RWC129,25/09/2024,4
RWC129,25/09/2024,20
RWC129,25/11/2024,5
RWC129,25/11/2024,30
RWC129,25/11/2024,20
RWC129,13/01/2025,20
RWC129,13/03/2025,20
RWC129,08/05/2025,£20
RWC129,03/07/2025,£20
RWC13,07/08/2024,12
RWC13,05/09/2024,12
RWC13,02/10/2024,12
RWC13,31/10/2024,12
RWC13,28/11/2024,12
RWC13,18/12/2024,12
RWC13,21/01/2025,12
RWC13,18/02/2025,12
RWC13,18/03/2025,12
RWC13,16/04/2025,£15
RWC13,13/05/2025,£15
RWC13,10/06/2025,£15
RWC13,08/07/2025,£15
RWC130,23/09/2024,30
RWC130,18/11/2024,30
RWC130,16/01/2025,30
RWC130,10/03/2025,30
RWC130,06/05/2025,£30
RWC130,30/06/2025,£30
RWC131,24/09/2024,25
RWC131,19/11/2024,25
RWC131,14/01/2025,25
RWC131,11/03/2025,25
RWC131,06/05/2025,£25
RWC131,01/07/2025,£25
RWC132,21/08/2024,15
RWC132,18/09/2024,15
RWC132,17/10/2024,15
RWC132,13/11/2024,15
RWC132,09/12/2024,15
RWC132,09/01/2025,15
RWC132,05/02/2025,15
RWC132,03/03/2025,15
RWC132,02/04/2025,£15
RWC132,29/04/2025,£15
RWC132,27/05/2025,£15
RWC132,25/06/2025,£15
RWC133,21/08/2024,20
RWC133,16/10/2024,20
RWC133,05/12/2024,20
RWC133,04/02/2025,20
RWC133,01/04/2025,£20
RWC133,27/05/2025,£22
RWC134,13/08/2024,20
RWC134,09/09/2024,20
RWC134,09/10/2024,36
RWC134,09/10/2024,20
RWC134,06/11/2024,20
RWC134,03/12/2024,20
RWC134,02/01/2025,20
RWC134,28/01/2025,20
RWC134,25/02/2025,20
RWC134,25/03/2025,£20
RWC134,23/04/2025,£22
RWC134,20/05/2025,£22
RWC134,17/06/2025,£22
RWC135,13/08/2024,12
RWC135,09/09/2024,12
RWC135,09/10/2024,12
RWC135,08/11/2024,12
RWC135,03/12/2024,12
RWC135,31/12/2024,12
RWC135,28/01/2025,12
RWC135,25/02/2025,12
RWC135,24/03/2025,£12
RWC135,22/04/2025,£12
RWC135,19/05/2025,£12
RWC135,17/06/2025,£12
RWC136,13/08/2024,18
RWC136,09/10/2024,18
RWC136,03/12/2024,9
RWC136,28/01/2025,9
RWC136,25/03/2025,£18
RWC136,20/05/2025,£22
RWC137,23/09/2024,15
RWC137,22/10/2024,15
RWC137,19/11/2024,15
RWC137,11/12/2024,15
RWC137,16/01/2025,15
RWC137,10/02/2025,15
RWC137,10/03/2025,15
RWC137,02/06/2025,£18
RWC137,01/07/2025,£18
RWC138,13/08/2024,12
RWC138,09/09/2024,12
RWC138,09/10/2024,12
RWC138,06/11/2024,12
RWC138,03/12/2024,12
RWC138,02/01/2025,12
RWC138,28/01/2025,12
RWC138,25/02/2025,12
RWC138,25/03/2025,£12
RWC138,23/04/2025,£12
RWC138,20/05/2025,£12
RWC138,17/06/2025,£12
RWC139,01/08/2024,18
RWC139,28/08/2024,18
RWC139,25/09/2024,18
RWC139,24/10/2024,18
RWC139,22/11/2024,18
RWC139,12/12/2024,18
RWC139,15/01/2025,18
RWC139,12/03/2025,18
RWC139,08/04/2025,£18
RWC139,05/05/2025,£18
RWC139,03/06/2025,£18
RWC139,02/07/2025,£18
RWC14,02/09/2024,10
RWC14,23/10/2024,10
RWC14,12/12/2024,10
RWC14,11/02/2025,10
RWC14,08/04/2025,£10
RWC14,03/06/2025,£10
RWC140,02/08/2024,12
RWC140,29/08/2024,12
RWC140,26/09/2024,12
RWC140,24/10/2024,12
RWC140,26/11/2024,12
RWC140,16/12/2024,12
RWC140,15/01/2025,12
RWC140,12/02/2025,12
RWC140,12/03/2025,12
RWC140,09/04/2025,£12
RWC140,07/05/2025,£12
RWC140,04/06/2025,£12
RWC140,03/07/2025,£12
RWC141,13/08/2024,8
RWC141,09/09/2024,8
RWC141,10/10/2024,15
RWC141,06/11/2024,7.5
RWC141,02/12/2024,15
RWC141,31/12/2024,15
RWC141,28/01/2025,15
RWC141,25/02/2025,15
RWC141,24/03/2025,£8
RWC141,22/04/2025,£15
RWC141,19/05/2025,£8
RWC141,16/06/2025,£15
RWC143,04/09/2024,22
RWC143,30/10/2024,22
RWC143,17/12/2024,22
RWC143,18/02/2025,22
RWC143,15/04/2025,£22
RWC143,09/06/2025,£22
RWC144,19/08/2024,12
RWC144,09/12/2024,0
RWC144,28/04/2025,£12
RWC144,26/05/2025,£12
RWC144,23/06/2025,£12
RWC145,19/08/2024,12
RWC145,16/09/2024,12
RWC145,15/10/2024,12
RWC145,12/11/2024,12
RWC145,09/12/2024,12
RWC145,07/01/2025,12
RWC145,30/01/2025,12
RWC145,03/03/2025,12
RWC145,28/04/2025,£12
RWC145,26/05/2025,£12
RWC145,23/06/2025,£12
RWC146,07/08/2024,18
RWC146,02/10/2024,18
RWC146,28/11/2024,18
RWC146,21/01/2025,18
RWC146,18/03/2025,18
RWC146,13/05/2025,£18
RWC146,08/07/2025,£18
RWC147,06/08/2024,15
RWC147,01/10/2024,15
RWC147,28/11/2024,15
RWC147,21/01/2025,15
RWC147,18/03/2025,15
RWC147,13/05/2025,18
RWC147,08/07/2025,£18
RWC148,03/09/2024,18
RWC148,29/10/2024,18
RWC148,22/11/2024,18
RWC148,12/12/2024,18
RWC148,14/01/2025,18
RWC148,12/02/2025,18
RWC148,11/03/2025,18
RWC148,08/04/2025,£18
RWC148,05/05/2025,£18
RWC148,03/06/2025,£18
RWC148,02/07/2025,£18
RWC149,01/10/2024,22
RWC149,21/01/2025,22
RWC149,13/05/2025,£22
RWC15,02/08/2024,15
RWC15,29/08/2024,15
RWC15,26/09/2024,15
RWC15,25/10/2024,15
RWC15,22/11/2024,15
RWC15,16/12/2024,15
RWC15,15/01/2025,15
RWC15,13/02/2025,15
RWC15,13/03/2025,15
RWC15,09/04/2025,£18
RWC15,07/05/2025,£18
RWC15,04/06/2025,£18
RWC15,03/07/2025,£18
RWC150,09/09/2024,22
RWC150,05/11/2024,22
RWC150,31/12/2024,22
RWC150,25/02/2025,22
RWC150,23/04/2025,£22
RWC150,17/06/2025,£22
RWC151,04/09/2024,22
RWC151,30/10/2024,22
RWC151,17/12/2024,22
RWC151,18/02/2025,22
RWC151,15/04/2025,£22
RWC151,09/06/2025,£22
RWC152,06/08/2024,18
RWC152,04/09/2024,18
RWC152,30/10/2024,18
RWC152,28/11/2024,18
RWC152,21/01/2025,18
RWC152,18/02/2025,18
RWC152,17/03/2025,18
RWC152,15/04/2025,£26
RWC152,13/05/2025,£22
RWC152,09/06/2025,£22
RWC152,08/07/2025,£22
RWC153,07/08/2024,15
RWC153,05/09/2024,15
RWC153,01/10/2024,15
RWC153,31/10/2024,15
RWC153,28/11/2024,15
RWC153,18/12/2024,15
RWC153,21/01/2025,15
RWC153,18/02/2025,15
RWC153,18/03/2025,15
RWC153,15/04/2025,£18
RWC153,13/05/2025,£18
RWC153,10/06/2025,£18
RWC153,08/07/2025,£18
RWC154,14/08/2024,18
RWC154,10/10/2024,18
RWC154,04/12/2024,18
RWC154,29/01/2025,18
RWC154,26/02/2025,18
RWC154,26/03/2025,£18
RWC154,23/04/2025,£18
RWC154,22/05/2025,£18
RWC154,18/06/2025,£18
RWC155,01/08/2024,30
RWC155,25/09/2024,30
RWC155,26/11/2024,30
RWC155,15/01/2025,30
RWC155,12/03/2025,30
RWC155,07/05/2025,£100
RWC155,07/05/2025,£30
RWC155,02/07/2025,£30
RWC156,15/08/2024,12
RWC156,13/09/2024,12
RWC156,11/10/2024,12
RWC156,07/11/2024,12
RWC156,04/12/2024,12
RWC156,03/01/2025,12
RWC156,29/01/2025,12
RWC156,27/02/2025,12
RWC156,26/03/2025,£12
RWC156,24/04/2025,£12
RWC156,22/05/2025,£12
RWC156,18/06/2025,£12
RWC157,14/08/2024,18
RWC157,10/10/2024,18
RWC157,07/11/2024,18
RWC157,09/11/2024,18
RWC157,04/12/2024,18
RWC157,03/01/2025,18
RWC157,29/01/2025,18
RWC157,26/02/2025,18
RWC157,26/03/2025,18
RWC157,23/04/2025,£18
RWC157,22/05/2025,18
RWC157,18/06/2025,£18
RWC158,08/08/2024,25
RWC158,05/09/2024,25
RWC158,18/12/2024,25
RWC158,22/01/2025,25
RWC158,19/02/2025,25
RWC158,18/03/2025,25
RWC158,18/03/2025,15
RWC158,16/04/2025,£15
RWC158,14/05/2025,£30
RWC158,10/06/2025,£30
RWC158,09/07/2025,£30
RWC159,13/08/2024,25
RWC159,10/10/2024,25
RWC159,03/12/2024,25
RWC159,28/01/2025,25
RWC159,25/03/2025,£25
RWC159,20/05/2025,£25
RWC160,03/09/2024,18
RWC160,24/09/2024,18
RWC160,29/10/2024,18
RWC160,22/11/2024,18
RWC160,12/12/2024,18
RWC160,14/01/2025,18
RWC160,12/02/2025,18
RWC160,11/03/2025,18
RWC160,08/04/2025,£18
RWC160,05/05/2025,£18
RWC160,03/06/2025,£18
RWC160,02/07/2025,£18
RWC161,09/09/2024,22
RWC161,05/11/2024,22
RWC161,31/12/2024,22
RWC161,25/02/2025,22
RWC161,23/04/2025,£22
RWC161,17/06/2025,£22
RWC162,16/12/2024,0
RWC162,13/01/2025,20
RWC162,13/02/2025,20
RWC162,13/03/2025,20
RWC162,09/04/2025,£22
RWC162,07/05/2025,£22
RWC162,04/06/2025,£22
RWC162,03/07/2025,£22
RWC163,03/09/2024,20
RWC163,24/10/2024,20
RWC163,13/12/2024,20
RWC163,12/02/2025,20
RWC163,09/04/2025,20
RWC163,03/06/2025,£20
RWC164,03/09/2024,18
RWC164,29/10/2024,18
RWC164,17/12/2024,18
RWC164,17/02/2025,18
RWC164,17/03/2025,
RWC164,14/04/2025,£18
RWC164,09/06/2025,£22
RWC165,06/08/2024,15
RWC165,04/09/2024,15
RWC165,04/10/2024,15
RWC165,30/10/2024,15
RWC165,27/11/2024,15
RWC165,17/12/2024,15
RWC165,20/01/2025,15
RWC165,17/02/2025,15
RWC165,12/05/2025,£25
RWC165,07/07/2025,£25
RWC166,06/08/2024,15
RWC166,30/10/2024,15
RWC166,17/12/2024,15
RWC166,17/02/2025,15
RWC166,15/04/2025,£15
RWC167,05/08/2024,22
RWC167,04/10/2024,22
RWC167,27/11/2024,22
RWC167,20/01/2025,22
RWC167,17/03/2025,22
RWC167,07/07/2025,£22
RWC168,14/08/2024,12
RWC168,10/10/2024,12
RWC168,06/11/2024,12
RWC168,09/11/2024,12
RWC168,04/12/2024,12
RWC168,02/01/2025,12
RWC168,29/01/2025,12
RWC168,26/02/2025,12
RWC168,25/03/2025,£12
RWC168,23/04/2025,£12
RWC168,20/05/2025,£12
RWC168,17/06/2025,£12
RWC169,02/09/2024,18
RWC169,23/09/2024,18
RWC169,22/10/2024,18
RWC169,19/11/2024,18
RWC169,10/12/2024,18
RWC169,16/01/2025,18
RWC169,10/02/2025,18
RWC169,10/03/2025,18
RWC169,07/04/2025,£18
RWC169,06/05/2025,£18
RWC169,02/06/2025,£18
RWC169,02/07/2025,£18
RWC17,09/09/2024,10
RWC17,05/11/2024,10
RWC17,31/12/2024,10
RWC17,24/02/2025,10
RWC17,22/04/2025,£10
RWC17,16/06/2025,£10
RWC172,21/08/2024,22
RWC172,17/10/2024,22
RWC172,09/12/2024,22
RWC172,05/02/2025,22
RWC172,02/04/2025,22
RWC172,25/06/2025,£22
RWC173,17/10/2024,22
RWC173,10/12/2024,22
RWC173,05/02/2025,22
RWC173,02/04/2025,£22
RWC173,27/05/2025,£22
RWC174,22/08/2024,15
RWC174,16/09/2024,15
RWC174,17/10/2024,15
RWC174,14/11/2024,15
RWC174,10/12/2024,15
RWC174,09/01/2025,15
RWC174,05/02/2025,15
RWC174,04/03/2025,15
RWC174,02/04/2025,£15
RWC174,29/04/2025,£15
RWC174,27/05/2025,£15
RWC174,25/06/2025,£15
RWC175,27/08/2024,25
RWC175,23/10/2024,25
RWC175,11/12/2024,25
RWC175,11/02/2025,25
RWC175,08/04/2025,£25
RWC175,02/06/2025,£25
RWC176,16/09/2024,25
RWC176,14/11/2024,25
RWC176,09/01/2025,25
RWC176,04/03/2025,25
RWC176,29/04/2025,£25
RWC176,25/06/2025,£25
RWC177,02/09/2024,15
RWC177,23/09/2024,15
RWC177,22/10/2024,7.5
RWC177,19/11/2024,15
RWC177,16/01/2025,15
RWC177,10/02/2025,15
RWC177,10/03/2025,15
RWC177,07/04/2025,£15
RWC177,06/05/2025,£15
RWC177,02/06/2025,£15
RWC177,30/06/2025,£15
RWC178,15/08/2024,6
RWC178,13/09/2024,12
RWC178,11/10/2024,12
RWC178,07/11/2024,12
RWC178,03/12/2024,4
RWC178,03/01/2025,6
RWC178,29/01/2025,12
RWC178,27/02/2025,12
RWC178,26/03/2025,£12
RWC178,24/04/2025,£12
RWC178,22/05/2025,£6
RWC178,18/06/2025,£6
RWC179,15/08/2024,22
RWC179,09/10/2024,22
RWC179,03/12/2024,22
RWC179,28/01/2025,22
RWC179,26/02/2025,22
RWC179,23/05/2025,£15
RWC18,19/08/2024,12
RWC18,15/10/2024,12
RWC18,09/12/2024,12
RWC18,30/01/2025,12
RWC18,26/05/2025,£12
RWC180,15/08/2024,12
RWC180,13/09/2024,12
RWC180,11/10/2024,12
RWC180,07/11/2024,12
RWC180,03/12/2024,12
RWC180,03/01/2025,12
RWC180,29/01/2025,12
RWC180,27/02/2025,12
RWC180,26/03/2025,£12
RWC180,24/04/2025,£12
RWC180,22/05/2025,£12
RWC180,18/06/2025,£12
RWC181,03/09/2024,22
RWC181,29/10/2024,22
RWC181,17/12/2024,22
RWC181,17/02/2025,22
RWC181,14/04/2025,£22
RWC181,12/05/2025,£22
RWC181,07/07/2025,£22
RWC182,03/09/2024,35
RWC182,29/10/2024,35
RWC182,17/12/2024,35
RWC182,17/02/2025,35
RWC182,14/04/2025,£35
RWC182,09/06/2025,£35
RWC183,17/09/2024,20
RWC183,13/11/2024,20
RWC183,08/01/2025,20
RWC183,04/03/2025,18
RWC183,28/04/2025,£20
RWC183,23/06/2025,£20
RWC184,20/08/2024,12
RWC184,16/09/2024,12
RWC184,15/10/2024,12
RWC184,12/11/2024,12
RWC184,05/12/2024,12
RWC184,07/01/2025,12
RWC184,30/01/2025,12
RWC184,03/03/2025,12
RWC184,28/04/2025,£12
RWC184,26/05/2025,£12
RWC184,23/06/2025,£12
RWC185,19/08/2024,12
RWC185,16/09/2024,12
RWC185,15/10/2024,12
RWC185,12/11/2024,12
RWC185,09/12/2024,12
RWC185,07/01/2025,12
RWC185,30/01/2025,12
RWC185,03/03/2025,12
RWC185,28/04/2025,£12
RWC185,26/05/2025,£12
RWC185,23/06/2025,£12
RWC186,02/08/2024,18
RWC186,30/08/2024,18
RWC186,25/09/2024,18
RWC186,25/10/2024,18
RWC186,25/11/2024,18
RWC186,16/12/2024,18
RWC186,13/01/2025,18
RWC186,13/02/2025,18
RWC186,13/03/2025,18
RWC186,10/04/2025,£18
RWC186,08/05/2025,£18
RWC186,04/06/2025,£18
RWC186,03/07/2025,£18
RWC187,02/09/2024,20
RWC187,22/10/2024,20
RWC187,19/11/2024,20
RWC187,11/12/2024,20
RWC187,14/01/2025,20
RWC187,11/02/2025,20
RWC187,11/03/2025,20
RWC187,06/05/2025,£30
RWC187,01/07/2025,£30
RWC188,02/09/2024,15
RWC188,23/09/2024,15
RWC188,22/10/2024,15
RWC188,19/11/2024,15
RWC188,11/12/2024,15
RWC188,14/01/2025,15
RWC188,11/02/2025,15
RWC188,11/03/2025,15
RWC188,07/04/2025,£18
RWC188,06/05/2025,£18
RWC188,02/06/2025,£18
RWC188,02/07/2025,£18
RWC189,03/09/2024,18
RWC189,24/09/2024,18
RWC189,22/11/2024,18
RWC189,12/12/2024,18
RWC189,14/01/2025,18
RWC189,12/02/2025,18
RWC189,11/03/2025,18
RWC189,08/04/2025,£18
RWC189,05/05/2025,£18
RWC189,03/06/2025,£18
RWC189,02/07/2025,£18
RWC19,01/08/2024,15
RWC19,25/09/2024,15
RWC19,22/11/2024,15
RWC19,15/01/2025,15
RWC19,12/03/2025,15
RWC19,05/05/2025,£15
RWC19,02/07/2025,£15
RWC190,09/09/2024,18
RWC190,05/11/2024,18
RWC190,31/12/2024,18
RWC190,25/02/2025,18
RWC190,22/04/2025,£18
RWC190,16/06/2025,£18
RWC191,14/08/2024,12
RWC191,10/10/2024,12
RWC191,06/11/2024,12
RWC191,09/11/2024,12
RWC191,03/12/2024,12
RWC191,02/01/2025,12
RWC191,29/01/2025,12
RWC191,26/02/2025,12
RWC191,25/03/2025,£12
RWC191,23/04/2025,£12
RWC191,20/05/2025,£12
RWC191,17/06/2025,£12
RWC192,21/08/2024,25
RWC192,18/09/2024,25
RWC192,13/11/2024,25
RWC192,05/12/2024,25
RWC192,08/01/2025,25
RWC192,04/02/2025,25
RWC192,05/03/2025,25
RWC192,02/04/2025,£25
RWC192,29/04/2025,£30
RWC192,27/05/2025,£30
RWC192,23/06/2025,£30
RWC193,13/08/2024,18
RWC193,09/09/2024,18
RWC193,09/10/2024,18
RWC193,06/11/2024,18
RWC193,03/12/2024,18
RWC193,02/01/2025,18
RWC193,28/01/2025,18
RWC193,25/02/2025,18
RWC193,20/05/2025,£20
RWC193,17/06/2025,£20
RWC194,06/08/2024,15
RWC194,04/09/2024,15
RWC194,04/10/2024,7.5
RWC194,30/10/2024,15
RWC194,27/11/2024,15
RWC194,17/12/2024,15
RWC194,20/01/2025,15
RWC194,17/02/2025,15
RWC194,17/03/2025,15
RWC194,14/04/2025,£15
RWC194,12/05/2025,£15
RWC194,09/06/2025,£15
RWC194,07/07/2025,£15
RWC195,16/09/2024,12
RWC195,16/09/2024,12
RWC195,12/11/2024,12
RWC195,09/12/2024,12
RWC195,30/01/2025,12
RWC195,03/03/2025,12
RWC195,28/04/2025,£12
RWC195,26/05/2025,£12
RWC196,05/09/2024,25
RWC196,31/10/2024,25
RWC196,18/12/2024,48
RWC196,18/12/2024,32
RWC196,18/12/2024,20
RWC196,18/12/2024,25
RWC196,19/02/2025,25
RWC196,16/04/2025,£25
RWC196,08/07/2025,£25
RWC197,02/08/2024,15
RWC197,29/08/2024,15
RWC197,26/09/2024,15
RWC197,25/10/2024,15
RWC197,25/11/2024,56
RWC197,26/11/2024,15
RWC197,16/12/2024,15
RWC197,15/01/2025,15
RWC197,13/02/2025,15
RWC197,13/03/2025,15
RWC197,09/04/2025,£15
RWC197,09/05/2025,£15
RWC197,04/06/2025,£15
RWC197,03/07/2025,£15
RWC198,15/08/2024,20
RWC198,11/10/2024,20
RWC198,03/12/2024,20
RWC198,29/01/2025,20
RWC198,26/03/2025,£20
RWC198,22/05/2025,£20
RWC199,23/09/2024,15
RWC199,22/10/2024,15
RWC199,19/11/2024,15
RWC199,10/12/2024,15
RWC199,16/01/2025,15
RWC199,10/02/2025,15
RWC199,10/03/2025,15
RWC199,06/05/2025,£15
RWC199,02/06/2025,£15
RWC199,02/07/2025,£15
RWC2,27/08/2024,20
RWC2,24/09/2024,20
RWC2,23/10/2024,20
RWC2,19/11/2024,20
RWC2,11/12/2024,20
RWC2,14/01/2025,20
RWC2,11/02/2025,20
RWC2,11/03/2025,20
RWC2,08/04/2025,£22
RWC2,06/05/2025,£22
RWC2,02/06/2025,£22
RWC2,01/07/2025,£22
RWC20,16/09/2024,20
RWC20,14/11/2024,20
RWC20,09/01/2025,
RWC20,09/01/2025,20
RWC20,06/03/2025,20
RWC20,29/04/2025,£20
RWC20,25/06/2025,£20
RWC200,13/08/2024,12
RWC200,09/09/2024,12
RWC200,09/10/2024,12
RWC200,06/11/2024,12
RWC200,03/12/2024,6
RWC200,02/01/2025,12
RWC200,25/03/2025,£12
RWC200,23/04/2025,£8
RWC200,20/05/2025,£12
RWC200,17/06/2025,£12
RWC202,22/08/2024,22
RWC202,17/10/2024,22
RWC202,10/12/2024,22
RWC202,05/02/2025,22
RWC202,02/04/2025,£22
RWC202,27/05/2025,£22
RWC203,06/08/2024,15
RWC203,01/10/2024,16
RWC203,01/10/2024,7
RWC203,30/10/2024,15
RWC203,28/11/2024,7.5
RWC203,17/12/2024,15
RWC203,21/01/2025,15
RWC203,18/02/2025,7.5
RWC203,17/03/2025,15
RWC203,15/04/2025,£15
RWC203,12/05/2025,£15
RWC203,09/06/2025,£15
RWC203,08/07/2025,£15
RWC204,13/08/2024,15
RWC204,09/09/2024,15
RWC204,10/10/2024,15
RWC204,06/11/2024,15
RWC204,03/12/2024,15
RWC204,02/01/2025,15
RWC204,28/01/2025,15
RWC204,25/02/2025,15
RWC204,25/03/2025,£15
RWC204,23/04/2025,£15
RWC204,20/05/2025,£15
RWC204,17/06/2025,£15
RWC205,27/08/2024,15
RWC205,24/09/2024,15
RWC205,23/10/2024,15
RWC205,19/11/2024,15
RWC205,12/12/2024,15
RWC205,14/01/2025,15
RWC205,11/02/2025,15
RWC205,11/03/2025,15
RWC205,08/04/2025,£18
RWC205,06/05/2025,£18
RWC205,02/06/2025,£18
RWC205,01/07/2025,£18
RWC206,05/08/2024,30
RWC206,04/10/2024,30
RWC206,27/11/2024,30
RWC206,20/01/2025,30
RWC206,17/03/2025,30
RWC206,12/05/2025,£30
RWC206,07/07/2025,£30
RWC207,06/08/2024,15
RWC207,04/09/2024,15
RWC207,04/10/2024,15
RWC207,30/10/2024,15
RWC207,27/11/2024,15
RWC207,20/01/2025,15
RWC207,17/02/2025,15
RWC207,17/03/2025,15
RWC207,14/04/2025,£18
RWC207,12/05/2025,£18
RWC207,09/06/2025,£18
RWC208,17/09/2024,15
RWC208,16/10/2024,15
RWC208,14/11/2024,15
RWC208,10/12/2024,15
RWC208,09/01/2025,15
RWC208,05/02/2025,15
RWC208,06/03/2025,15
RWC208,03/04/2025,£15
RWC208,02/05/2025,£15
RWC208,28/05/2025,£15
RWC208,30/06/2025,£15
RWC209,06/08/2024,22
RWC209,04/10/2024,22
RWC209,27/11/2024,22
RWC209,20/01/2025,22
RWC209,17/03/2025,22
RWC209,12/05/2025,£22
RWC209,07/07/2025,£22
RWC21,17/09/2024,30
RWC21,12/11/2024,30
RWC21,08/01/2025,30
RWC21,04/03/2025,30
RWC21,29/04/2025,£30
RWC21,23/06/2025,£15
RWC210,20/08/2024,20
RWC210,17/09/2024,20
RWC210,15/10/2024,20
RWC210,12/11/2024,20
RWC210,05/12/2024,20
RWC210,08/01/2025,20
RWC210,30/01/2025,20
RWC210,04/03/2025,20
RWC210,01/04/2025,£20
RWC210,28/04/2025,£22
RWC210,27/05/2025,£22
RWC210,23/06/2025,£22
RWC212,22/08/2024,12
RWC212,17/09/2024,12
RWC212,18/10/2024,12
RWC212,14/11/2024,12
RWC212,10/12/2024,12
RWC212,13/01/2025,12
RWC212,06/02/2025,12
RWC212,06/03/2025,12
RWC212,03/04/2025,£12
RWC212,01/05/2025,£12
RWC212,28/05/2025,£12
RWC212,30/06/2025,£12
RWC213,23/09/2024,22
RWC213,19/11/2024,22
RWC213,16/01/2025,22
RWC213,10/03/2025,22
RWC213,06/05/2025,£22
RWC213,02/07/2025,£22
RWC214,09/10/2024,18
RWC214,06/11/2024,18
RWC214,03/12/2024,18
RWC214,02/01/2025,18
RWC214,28/01/2025,18
RWC214,26/02/2025,18
RWC214,25/03/2025,£18
RWC214,23/04/2025,£18
RWC214,20/05/2025,£18
RWC214,17/06/2025,£18
RWC215,02/09/2024,15
RWC215,23/09/2024,15
RWC215,22/10/2024,15
RWC215,19/11/2024,15
RWC215,11/12/2024,15
RWC215,16/01/2025,15
RWC215,10/02/2025,15
RWC215,10/03/2025,7.5
RWC215,07/04/2025,£18
RWC215,06/05/2025,£18
RWC215,02/06/2025,£18
RWC215,01/07/2025,£18
RWC216,21/08/2024,20
RWC216,17/09/2024,20
RWC216,16/10/2024,20
RWC216,13/11/2024,20
RWC216,05/12/2024,20
RWC216,08/01/2025,20
RWC216,04/02/2025,20
RWC216,05/03/2025,20
RWC216,01/04/2025,£20
RWC216,28/04/2025,£25
RWC216,27/05/2025,£25
RWC216,23/06/2025,£25
RWC217,26/08/2024,20
RWC217,23/09/2024,20
RWC217,22/10/2024,20
RWC217,18/11/2024,20
RWC217,10/12/2024,20
RWC217,16/01/2025,20
RWC217,10/02/2025,20
RWC217,10/03/2025,20
RWC217,07/04/2025,£22
RWC217,06/05/2025,£22
RWC217,02/06/2025,£22
RWC217,30/06/2025,£22
RWC218,07/08/2024,15
RWC218,05/09/2024,15
RWC218,01/10/2024,15
RWC218,31/10/2024,15
RWC218,28/11/2024,15
RWC218,18/12/2024,15
RWC218,21/01/2025,15
RWC218,18/02/2025,15
RWC218,18/03/2025,15
RWC218,15/04/2025,£18
RWC218,13/05/2025,£9
RWC218,09/06/2025,£18
RWC218,08/07/2025,£18
RWC219,02/09/2024,20
RWC219,23/09/2024,20
RWC219,22/10/2024,20
RWC219,19/11/2024,20
RWC219,11/12/2024,20
RWC219,16/01/2025,20
RWC219,10/02/2025,20
RWC219,10/03/2025,20
RWC219,07/04/2025,£22
RWC219,06/05/2025,£22
RWC219,02/06/2025,£22
RWC219,01/07/2025,£22
RWC22,05/09/2024,10
RWC22,31/10/2024,10
RWC22,18/12/2024,10
RWC22,19/02/2025,10
RWC22,16/04/2025,£10
RWC22,10/06/2025,£10
RWC220,21/08/2024,12
RWC220,18/09/2024,12
RWC220,17/10/2024,12
RWC220,13/11/2024,12
RWC220,09/12/2024,12
RWC220,09/01/2025,12
RWC220,05/02/2025,12
RWC220,03/03/2025,12
RWC220,02/04/2025,£12
RWC220,29/04/2025,£15
RWC220,24/06/2025,£11
RWC221,03/09/2024,30
RWC221,24/10/2024,30
RWC221,12/12/2024,30
RWC221,12/02/2025,30
RWC221,09/04/2025,£30
RWC221,03/06/2025,£30
RWC222,21/08/2024,10
RWC222,18/09/2024,10
RWC222,16/10/2024,10
RWC222,13/11/2024,10
RWC222,05/12/2024,10
RWC222,08/01/2025,10
RWC222,04/02/2025,10
RWC222,05/03/2025,10
RWC222,01/04/2025,£10
RWC222,29/04/2025,£12
RWC222,27/05/2025,£12
RWC223,27/08/2024,18
RWC223,24/09/2024,18
RWC223,23/10/2024,18
RWC223,19/11/2024,18
RWC223,11/12/2024,18
RWC223,14/01/2025,18
RWC223,11/02/2025,18
RWC223,11/03/2025,18
RWC223,08/04/2025,£20
RWC223,06/05/2025,£20
RWC223,02/06/2025,£20
RWC223,01/07/2025,£20
RWC224,03/09/2024,45
RWC224,30/10/2024,45
RWC224,18/12/2024,45
RWC224,18/02/2025,45
RWC224,15/04/2025,£45
RWC224,12/06/2025,£45
RWC225,22/08/2024,22
RWC225,18/10/2024,22
RWC225,10/12/2024,22
RWC225,06/02/2025,22
RWC225,03/04/2025,£22
RWC225,28/05/2025,£22
RWC226,14/08/2024,12
RWC226,10/10/2024,12
RWC226,07/11/2024,12
RWC226,09/11/2024,12
RWC226,04/12/2024,12
RWC226,03/01/2025,12
RWC226,29/01/2025,12
RWC226,26/02/2025,12
RWC226,26/03/2025,£12
RWC226,23/04/2025,£15
RWC226,20/05/2025,£15
RWC226,18/06/2025,£15
RWC227,21/08/2024,18
RWC227,16/10/2024,18
RWC227,05/12/2024,18
RWC227,04/02/2025,18
RWC227,01/04/2025,£18
RWC227,27/05/2025,£18
RWC228,05/08/2024,22
RWC228,04/10/2024,22
RWC228,27/11/2024,22
RWC228,20/01/2025,22
RWC228,17/03/2025,22
RWC228,12/05/2025,£22
RWC228,07/07/2025,£22
RWC229,05/08/2024,18
RWC229,03/09/2024,16
RWC229,04/10/2024,18
RWC229,30/10/2024,18
RWC229,27/11/2024,18
RWC229,17/12/2024,34
RWC229,17/12/2024,18
RWC229,20/01/2025,18
RWC229,17/02/2025,16
RWC229,17/03/2025,16
RWC229,12/05/2025,£30
RWC229,07/07/2025,£30
RWC23,02/09/2024,12
RWC23,23/09/2024,12
RWC23,22/10/2024,12
RWC23,19/11/2024,12
RWC23,11/12/2024,12
RWC23,16/01/2025,12
RWC23,11/02/2025,12
RWC23,10/03/2025,12
RWC23,07/04/2025,£15
RWC23,06/05/2025,£15
RWC23,02/06/2025,£15
RWC23,02/07/2025,£15
RWC230,05/08/2024,30
RWC230,04/10/2024,30
RWC230,27/11/2024,30
RWC230,20/01/2025,30
RWC230,17/03/2025,30
RWC230,12/05/2025,£30
RWC230,07/07/2025,£30
RWC231,16/09/2024,18
RWC231,12/11/2024,18
RWC231,07/01/2025,18
RWC231,03/03/2025,18
RWC231,28/04/2025,£18
RWC231,23/06/2025,£18
RWC232,02/09/2024,30
RWC232,22/10/2024,30
RWC232,11/12/2024,30
RWC232,10/02/2025,30
RWC232,07/04/2025,£30
RWC232,02/06/2025,£30
RWC233,13/09/2024,22
RWC233,07/11/2024,22
RWC233,03/01/2025,22
RWC233,27/02/2025,22
RWC233,24/04/2025,£22
RWC233,18/06/2025,£22
RWC234,20/08/2024,12
RWC234,16/09/2024,12
RWC234,15/10/2024,12
RWC234,12/11/2024,12
RWC234,05/12/2024,12
RWC234,07/01/2025,12
RWC234,30/01/2025,12
RWC234,03/03/2025,12
RWC234,28/04/2025,£12
RWC234,26/05/2025,£12
RWC234,23/06/2025,£12
RWC235,27/08/2024,15
RWC235,24/09/2024,15
RWC235,23/10/2024,15
RWC235,19/11/2024,15
RWC235,12/12/2024,15
RWC235,14/01/2025,15
RWC235,11/02/2025,15
RWC235,11/03/2025,15
RWC235,08/04/2025,£18
RWC235,06/05/2025,£18
RWC235,02/06/2025,£18
RWC235,01/07/2025,£18
RWC236,06/08/2024,12
RWC236,04/09/2024,12
RWC236,01/10/2024,12
RWC236,30/10/2024,12
RWC236,28/11/2024,12
RWC236,17/12/2024,12
RWC236,21/01/2025,12
RWC236,17/02/2025,12
RWC236,17/03/2025,12
RWC236,15/04/2025,£15
RWC236,12/05/2025,£15
RWC236,07/07/2025,£15
RWC237,01/08/2024,22
RWC237,25/09/2024,22
RWC237,22/11/2024,22
RWC237,15/01/2025,36
RWC237,15/01/2025,22
RWC237,12/03/2025,22
RWC237,07/05/2025,£22
RWC237,02/07/2025,£22
RWC238,06/08/2024,12
RWC238,04/09/2024,12
RWC238,01/10/2024,12
RWC238,30/10/2024,12
RWC238,27/11/2024,12
RWC238,17/12/2024,12
RWC238,21/01/2025,12
RWC238,17/02/2025,12
RWC238,17/03/2025,12
RWC238,15/04/2025,12
RWC238,12/05/2025,12
RWC238,09/06/2025,£12
RWC238,07/07/2025,£12
RWC239,06/08/2024,15
RWC239,04/09/2024,15
RWC239,01/10/2024,15
RWC239,30/10/2024,15
RWC239,27/11/2024,15
RWC239,17/12/2024,15
RWC239,21/01/2025,7.5
RWC239,17/02/2025,15
RWC239,17/03/2025,15
RWC239,15/04/2025,18
RWC239,12/05/2025,18
RWC239,09/06/2025,£18
RWC239,07/07/2025,£18
RWC24,02/09/2024,22
RWC24,22/10/2024,22
RWC24,11/12/2024,22
RWC24,11/02/2025,22
RWC24,07/04/2025,£25
RWC24,02/06/2025,£25
RWC241,02/09/2024,20
RWC241,23/09/2024,20
RWC241,22/10/2024,20
RWC241,19/11/2024,20
RWC241,11/12/2024,20
RWC241,16/01/2025,20
RWC241,10/02/2025,20
RWC241,10/03/2025,20
RWC241,07/04/2025,£22
RWC241,06/05/2025,£22
RWC241,02/06/2025,£22
RWC241,01/07/2025,£22
RWC242,06/09/2024,30
RWC242,01/11/2024,30
RWC242,19/12/2024,30
RWC242,20/02/2025,30
RWC242,17/04/2025,£30
RWC242,11/06/2025,£30
RWC243,02/09/2024,15
RWC243,23/09/2024,15
RWC243,22/10/2024,15
RWC243,19/11/2024,15
RWC243,10/12/2024,15
RWC243,16/01/2025,15
RWC243,10/02/2025,15
RWC243,10/03/2025,15
RWC243,07/04/2025,£15
RWC243,06/05/2025,£15
RWC243,02/06/2025,£15
RWC243,02/07/2025,£15
RWC244,09/08/2024,15
RWC244,06/09/2024,15
RWC244,03/10/2024,15
RWC244,01/11/2024,15
RWC244,29/11/2024,15
RWC244,19/12/2024,15
RWC244,23/01/2025,15
RWC244,20/02/2025,15
RWC244,19/03/2025,15
RWC244,17/04/2025,£18
RWC244,15/05/2025,£18
RWC244,11/06/2025,£18
RWC244,10/07/2025,£18
RWC245,14/08/2024,25
RWC245,10/10/2024,25
RWC245,04/12/2024,25
RWC245,29/01/2025,25
RWC245,26/02/2025,25
RWC245,24/04/2025,£25
RWC245,18/06/2025,£25
RWC246,22/08/2024,15
RWC246,18/09/2024,5
RWC246,16/10/2024,15
RWC246,14/11/2024,15
RWC246,10/12/2024,15
RWC246,09/01/2025,15
RWC246,05/02/2025,15
RWC246,06/03/2025,15
RWC246,02/04/2025,£15
RWC246,29/04/2025,£68
RWC246,29/04/2025,£24
RWC246,29/04/2025,£18
RWC246,28/05/2025,£18
RWC246,30/06/2025,£18
RWC247,02/10/2024,60
RWC247,28/11/2024,60
RWC247,22/01/2025,60
RWC247,18/03/2025,60
RWC247,14/05/2025,£60
RWC247,14/05/2025,£68
RWC247,09/07/2025,£60
RWC248,09/09/2024,25
RWC248,06/11/2024,25
RWC248,02/01/2025,25
RWC248,25/02/2025,25
RWC248,23/04/2025,£25
RWC248,17/06/2025,£25
RWC249,17/09/2024,35
RWC249,12/11/2024,20
RWC249,12/11/2024,35
RWC249,07/01/2025,35
RWC249,04/03/2025,35
RWC249,28/04/2025,£35
RWC249,23/06/2025,£40
RWC25,12/08/2024,57
RWC25,08/10/2024,57
RWC25,02/12/2024,57
RWC25,27/01/2025,84
RWC25,27/01/2025,57
RWC25,25/02/2025,57
RWC25,24/04/2025,£57
RWC25,16/06/2025,£57
RWC25,20/06/2025,£0
RWC250,22/08/2024,15
RWC250,17/09/2024,15
RWC250,17/10/2024,15
RWC250,15/11/2024,120
RWC250,15/11/2024,15
RWC250,10/12/2024,15
RWC250,13/01/2025,15
RWC250,06/02/2025,15
RWC250,06/03/2025,15
RWC250,03/04/2025,£15
RWC250,02/05/2025,£15
RWC250,28/05/2025,£15
RWC250,30/06/2025,£15
RWC251,12/08/2024,10
RWC251,09/09/2024,10
RWC251,08/10/2024,10
RWC251,05/11/2024,10
RWC251,02/12/2024,10
RWC251,31/12/2024,10
RWC251,27/01/2025,10
RWC251,24/02/2025,5
RWC251,24/03/2025,£10
RWC251,22/04/2025,£10
RWC251,19/05/2025,£10
RWC251,16/06/2025,£10
RWC252,14/05/2025,£375
RWC252,09/07/2025,£375
RWC253,22/08/2024,12
RWC253,17/09/2024,12
RWC253,18/10/2024,12
RWC253,14/11/2024,12
RWC253,10/12/2024,12
RWC253,13/01/2025,12
RWC253,06/02/2025,12
RWC253,06/03/2025,12
RWC253,03/04/2025,£12
RWC253,01/05/2025,£12
RWC253,28/05/2025,£12
RWC253,30/06/2025,£12
RWC254,26/08/2024,15
RWC254,23/09/2024,15
RWC254,22/10/2024,15
RWC254,18/11/2024,15
RWC254,10/12/2024,15
RWC254,16/01/2025,15
RWC254,10/02/2025,15
RWC254,10/03/2025,15
RWC254,07/04/2025,£15
RWC254,06/05/2025,£15
RWC254,02/06/2025,£15
RWC254,30/06/2025,£15
RWC255,21/08/2024,12
RWC255,18/09/2024,12
RWC255,17/10/2024,12
RWC255,13/11/2024,12
RWC255,09/12/2024,12
RWC255,09/01/2025,12
RWC255,05/02/2025,12
RWC255,03/03/2025,12
RWC255,02/04/2025,£12
RWC255,29/04/2025,£12
RWC255,27/05/2025,£12
RWC255,25/06/2025,£12
RWC257,22/08/2024,12
RWC257,16/09/2024,12
RWC257,17/10/2024,12
RWC257,14/11/2024,12
RWC257,10/12/2024,12
RWC257,09/01/2025,12
RWC257,05/02/2025,12
RWC257,04/03/2025,12
RWC257,02/04/2025,£12
RWC257,29/04/2025,£12
RWC258,22/08/2024,18
RWC258,17/09/2024,18
RWC258,18/10/2024,18
RWC258,14/11/2024,18
RWC258,10/12/2024,18
RWC258,13/01/2025,18
RWC258,06/02/2025,18
RWC258,06/03/2025,18
RWC258,03/04/2025,£6
RWC258,02/05/2025,£18
RWC258,28/05/2025,£18
RWC258,26/06/2025,£18
RWC258,26/06/2025,£32
RWC258,26/06/2025,£88
RWC259,30/08/2024,30
RWC259,25/10/2024,30
RWC259,13/02/2025,15
RWC259,10/04/2025,£30
RWC259,04/06/2025,£30
RWC26,05/08/2024,15
RWC26,04/09/2024,15
RWC26,04/10/2024,15
RWC26,30/10/2024,15
RWC26,27/11/2024,15
RWC26,17/12/2024,15
RWC26,20/01/2025,15
RWC26,17/02/2025,15
RWC26,17/03/2025,15
RWC26,14/04/2025,£18
RWC26,12/05/2025,£18
RWC26,09/06/2025,£18
RWC26,07/07/2025,£18
RWC260,02/08/2024,30
RWC260,27/09/2024,30
RWC260,25/11/2024,100
RWC260,25/11/2024,30
RWC260,13/01/2025,30
RWC260,13/03/2025,30
RWC260,08/05/2025,£30
RWC260,03/07/2025,£30
RWC261,02/08/2024,45
RWC261,27/09/2024,45
RWC261,25/11/2024,45
RWC261,13/01/2025,45
RWC261,13/03/2025,45
RWC261,05/04/2025,£45
RWC261,08/05/2025,£45
RWC262,02/08/2024,15
RWC262,30/08/2024,15
RWC262,27/09/2024,15
RWC262,13/03/2025,15
RWC262,10/04/2025,15
RWC262,08/05/2025,15
RWC262,04/06/2025,£15
RWC262,03/07/2025,£15
RWC263,09/08/2024,30
RWC263,01/11/2024,30
RWC263,19/12/2024,30
RWC263,13/03/2025,30
RWC263,11/06/2025,£30
RWC264,09/08/2024,15
RWC264,06/09/2024,15
RWC264,03/10/2024,15
RWC264,01/11/2024,15
RWC264,20/12/2024,15
RWC264,19/02/2025,22
RWC264,17/04/2025,£22
RWC264,11/06/2025,£22
RWC265,09/08/2024,25
RWC265,06/09/2024,25
RWC265,03/10/2024,25
RWC265,01/11/2024,25
RWC265,29/11/2024,25
RWC265,20/12/2024,25
RWC265,23/01/2025,25
RWC265,20/02/2025,25
RWC265,19/03/2025,25
RWC265,15/05/2025,30
RWC265,11/06/2025,£30
RWC265,10/07/2025,£30
RWC266,09/08/2024,15
RWC266,06/09/2024,15
RWC266,03/10/2024,15
RWC266,01/11/2024,15
RWC266,29/11/2024,15
RWC266,19/12/2024,15
RWC266,23/01/2025,15
RWC266,20/02/2025,15
RWC266,19/03/2025,15
RWC266,17/04/2025,£18
RWC266,15/05/2025,£18
RWC266,11/06/2025,£18
RWC266,11/07/2025,£18
RWC267,09/08/2024,15
RWC267,06/09/2024,15
RWC267,03/10/2024,15
RWC267,01/11/2024,15
RWC267,29/11/2024,15
RWC267,20/12/2024,15
RWC267,23/01/2025,15
RWC267,19/02/2025,15
RWC267,19/03/2025,15
RWC267,17/04/2025,£15
RWC267,15/05/2025,£15
RWC267,11/06/2025,£15
RWC267,10/07/2025,£15
RWC268,13/08/2024,15
RWC268,09/10/2024,15
RWC268,06/11/2024,15
RWC268,03/12/2024,15
RWC268,02/01/2025,15
RWC268,28/01/2025,15
RWC268,25/02/2025,15
RWC268,25/03/2025,£15
RWC268,25/03/2025,£5
RWC268,23/04/2025,£15
RWC268,20/05/2025,£15
RWC268,17/06/2025,£15
RWC27,13/08/2024,30
RWC27,08/10/2024,30
RWC27,02/12/2024,30
RWC27,27/01/2025,30
RWC27,24/03/2025,£30
RWC27,19/05/2025,£35
RWC270,02/09/2024,18
RWC270,24/09/2024,18
RWC270,29/10/2024,10
RWC270,22/11/2024,18
RWC270,12/12/2024,18
RWC270,14/01/2025,18
RWC270,11/02/2025,18
RWC270,11/03/2025,18
RWC270,08/04/2025,£18
RWC270,03/06/2025,£18
RWC270,02/07/2025,£18
RWC271,22/08/2024,20
RWC271,16/09/2024,20
RWC271,17/10/2024,20
RWC271,14/11/2024,20
RWC271,09/12/2024,20
RWC271,09/01/2025,20
RWC271,05/02/2025,20
RWC271,04/03/2025,20
RWC271,02/04/2025,£20
RWC271,29/04/2025,£20
RWC271,27/05/2025,£20
RWC271,25/06/2025,£20
RWC272,29/08/2024,35
RWC272,24/10/2024,35
RWC272,16/12/2024,35
RWC272,12/02/2025,35
RWC272,09/04/2025,£35
RWC272,04/06/2025,£35
RWC273,12/08/2024,30
RWC273,08/10/2024,30
RWC273,09/10/2024,20
RWC273,09/10/2024,30
RWC273,05/11/2024,20
RWC273,05/11/2024,30
RWC273,02/12/2024,30
RWC273,31/12/2024,20
RWC273,31/12/2024,30
RWC273,27/01/2025,30
RWC273,24/02/2025,30
RWC273,24/02/2025,20
RWC273,24/03/2025,£30
RWC273,21/04/2025,£20
RWC273,21/04/2025,£30
RWC273,19/05/2025,£30
RWC273,16/06/2025,£20
RWC273,16/06/2025,£30
RWC273,16/06/2025,£56
RWC274,22/08/2024,30
RWC274,16/10/2024,30
RWC274,09/12/2024,30
RWC274,05/02/2025,30
RWC274,02/04/2025,£30
RWC274,27/05/2025,£30
RWC275,22/08/2024,18
RWC275,17/09/2024,18
RWC275,18/10/2024,18
RWC275,14/11/2024,18
RWC275,10/12/2024,18
RWC275,13/01/2025,18
RWC275,06/02/2025,18
RWC275,06/03/2025,18
RWC275,03/04/2025,£18
RWC275,02/05/2025,£18
RWC275,28/05/2025,£18
RWC276,26/08/2024,25
RWC276,23/09/2024,25
RWC276,22/10/2024,25
RWC276,18/11/2024,25
RWC276,11/12/2024,25
RWC276,16/01/2025,25
RWC276,10/02/2025,25
RWC276,10/03/2025,25
RWC276,07/04/2025,£25
RWC276,06/05/2025,£25
RWC276,02/06/2025,£25
RWC276,30/06/2025,£25
RWC277,03/09/2024,18
RWC277,24/09/2024,18
RWC277,29/10/2024,18
RWC277,22/11/2024,18
RWC277,12/12/2024,18
RWC277,14/01/2025,18
RWC277,12/02/2025,18
RWC277,11/03/2025,18
RWC277,08/04/2025,£18
RWC277,05/05/2025,£18
RWC277,03/06/2025,£18
RWC277,03/07/2025,£18
RWC278,08/08/2024,15
RWC278,05/09/2024,15
RWC278,31/10/2024,15
RWC278,28/11/2024,15
RWC278,18/12/2024,7.5
RWC278,22/01/2025,15
RWC278,19/02/2025,15
RWC278,18/03/2025,15
RWC278,16/04/2025,7.5
RWC278,13/05/2025,£15
RWC278,10/06/2025,£15
RWC278,08/07/2025,£15
RWC279,22/08/2024,12
RWC279,17/09/2024,12
RWC279,18/10/2024,12
RWC279,14/11/2024,12
RWC279,10/12/2024,12
RWC279,13/01/2025,12
RWC279,06/02/2025,12
RWC279,06/03/2025,12
RWC279,03/04/2025,£12
RWC279,01/05/2025,£12
RWC279,28/05/2025,£12
RWC279,30/06/2025,£12
RWC28,18/09/2024,25
RWC28,13/11/2024,25
RWC28,08/01/2025,25
RWC28,05/03/2025,25
RWC28,29/04/2025,£25
RWC28,24/06/2025,£25
RWC280,22/08/2024,50
RWC280,19/09/2024,50
RWC280,17/10/2024,50
RWC280,15/11/2024,50
RWC280,09/01/2025,50
RWC280,05/02/2025,50
RWC280,06/03/2025,50
RWC280,03/04/2025,£50
RWC280,02/05/2025,£60
RWC280,28/05/2025,£60
RWC280,30/06/2025,£60
RWC281,13/08/2024,18
RWC281,09/10/2024,18
RWC281,06/11/2024,18
RWC281,03/12/2024,18
RWC281,02/01/2025,18
RWC281,28/01/2025,50
RWC281,28/01/2025,18
RWC281,26/02/2025,18
RWC281,25/03/2025,£18
RWC281,23/04/2025,£18
RWC281,20/05/2025,£18
RWC281,17/06/2025,£18
RWC282,15/04/2025,£64
RWC283,02/09/2024,22
RWC283,29/10/2024,10
RWC283,12/12/2024,22
RWC283,11/02/2025,22
RWC283,08/04/2025,£10
RWC283,03/06/2025,£22
RWC284,23/09/2024,30
RWC284,19/11/2024,30
RWC284,16/01/2025,30
RWC284,10/03/2025,30
RWC284,06/05/2025,£20
RWC284,01/07/2025,£30
RWC285,12/08/2024,15
RWC285,08/10/2024,15
RWC285,09/10/2024,15
RWC285,05/11/2024,15
RWC285,02/12/2024,15
RWC285,31/12/2024,15
RWC285,27/01/2025,15
RWC285,24/02/2025,15
RWC285,24/03/2025,£15
RWC285,21/04/2025,£15
RWC285,19/05/2025,£15
RWC285,16/06/2025,£15
RWC286,02/08/2024,22
RWC286,25/09/2024,22
RWC286,25/11/2024,22
RWC286,13/01/2025,22
RWC286,13/03/2025,40
RWC286,13/03/2025,22
RWC286,08/05/2025,£22
RWC286,03/07/2025,£22
RWC287,14/08/2024,18
RWC287,10/10/2024,18
RWC287,07/11/2024,18
RWC287,09/11/2024,18
RWC287,04/12/2024,18
RWC287,03/01/2025,9
RWC287,29/01/2025,18
RWC287,26/02/2025,9
RWC287,26/03/2025,£18
RWC287,24/04/2025,£18
RWC287,22/05/2025,£18
RWC287,18/06/2025,£18
RWC288,08/08/2024,18
RWC288,06/09/2024,18
RWC288,03/10/2024,18
RWC288,01/11/2024,18
RWC288,28/11/2024,18
RWC288,20/12/2024,18
RWC288,23/01/2025,18
RWC288,19/02/2025,18
RWC288,19/03/2025,18
RWC288,14/04/2025,£18
RWC288,15/05/2025,£18
RWC288,10/06/2025,£18
RWC288,10/07/2025,£18
RWC289,08/08/2024,18
RWC289,06/09/2024,18
RWC289,03/10/2024,18
RWC289,01/11/2024,18
RWC289,28/11/2024,18
RWC289,20/12/2024,18
RWC289,23/01/2025,18
RWC289,19/02/2025,18
RWC289,19/03/2025,18
RWC289,14/04/2025,£18
RWC289,15/05/2025,£18
RWC289,10/06/2025,£18
RWC289,10/07/2025,£18
RWC29,23/09/2024,10
RWC29,19/11/2024,10
RWC29,16/01/2025,10
RWC29,10/03/2025,10
RWC29,06/05/2025,£10
RWC29,02/07/2025,£10
RWC290,09/08/2024,15
RWC290,06/09/2024,15
RWC290,03/10/2024,15
RWC290,01/11/2024,15
RWC290,29/11/2024,15
RWC290,20/12/2024,15
RWC290,23/01/2025,15
RWC290,19/02/2025,15
RWC290,19/03/2025,15
RWC290,17/04/2025,£18
RWC290,15/05/2025,£18
RWC290,11/06/2025,£18
RWC290,10/07/2025,£18
RWC291,12/08/2024,25
RWC291,08/10/2024,25
RWC291,02/12/2024,25
RWC291,27/01/2025,25
RWC291,24/03/2025,£25
RWC291,19/05/2025,£25
RWC292,15/08/2024,15
RWC292,13/09/2024,15
RWC292,11/10/2024,15
RWC292,07/11/2024,15
RWC292,04/12/2024,15
RWC292,03/01/2025,15
RWC292,30/01/2025,15
RWC292,26/02/2025,15
RWC292,25/03/2025,£15
RWC292,24/04/2025,£15
RWC292,22/05/2025,£15
RWC292,18/06/2025,£15
RWC293,14/08/2024,18
RWC293,10/10/2024,18
RWC293,06/11/2024,18
RWC293,09/11/2024,18
RWC293,03/12/2024,18
RWC293,02/01/2025,18
RWC293,29/01/2025,18
RWC293,26/02/2025,18
RWC293,25/03/2025,£18
RWC293,23/04/2025,£18
RWC293,20/05/2025,£18
RWC293,17/06/2025,£18
RWC294,18/09/2024,22
RWC294,12/11/2024,22
RWC294,07/01/2025,22
RWC294,04/03/2025,22
RWC294,28/04/2025,£22
RWC294,23/06/2025,£25
RWC295,02/08/2024,22
RWC295,26/09/2024,22
RWC295,22/11/2024,22
RWC295,15/01/2025,22
RWC295,13/03/2025,22
RWC295,07/05/2025,£22
RWC295,03/07/2025,£22
RWC296,13/08/2024,12
RWC296,09/09/2024,12
RWC296,09/10/2024,12
RWC296,06/11/2024,12
RWC296,03/12/2024,12
RWC296,02/01/2025,12
RWC296,28/01/2025,12
RWC296,25/02/2025,0
RWC296,25/03/2025,£12
RWC296,23/04/2025,£12
RWC296,20/05/2025,£12
RWC296,17/06/2025,£12
RWC297,04/09/2024,30
RWC297,30/10/2024,30
RWC297,17/12/2024,30
RWC297,18/02/2025,30
RWC297,15/04/2025,£30
RWC297,09/06/2025,£30
RWC298,02/08/2024,12
RWC298,30/08/2024,12
RWC298,27/09/2024,12
RWC298,25/10/2024,12
RWC298,25/11/2024,12
RWC298,16/12/2024,12
RWC298,13/01/2025,12
RWC298,13/02/2025,12
RWC298,13/03/2025,12
RWC298,10/04/2025,£12
RWC298,08/05/2025,£12
RWC298,03/07/2025,£12
RWC299,22/08/2024,12
RWC299,17/10/2024,12
RWC299,10/12/2024,12
RWC299,05/02/2025,12
RWC299,02/04/2025,12
RWC299,27/05/2025,12
RWC3,02/09/2024,20
RWC3,24/10/2024,20
RWC3,11/12/2024,20
RWC3,10/02/2025,20
RWC3,07/04/2025,£20
RWC3,02/06/2025,£20
RWC30,24/09/2024,75
RWC30,19/11/2024,75
RWC30,14/01/2025,75
RWC30,11/03/2025,75
RWC30,06/05/2025,£75
RWC30,02/07/2025,£75
RWC300,09/08/2024,15
RWC300,06/09/2024,15
RWC300,03/10/2024,15
RWC300,01/11/2024,15
RWC300,29/11/2024,15
RWC300,20/12/2024,15
RWC300,23/01/2025,15
RWC300,19/02/2025,15
RWC300,19/03/2025,15
RWC300,17/04/2025,£15
RWC300,15/05/2025,£15
RWC300,11/06/2025,£15
RWC300,10/07/2025,£15
RWC301,22/08/2024,25
RWC301,17/10/2024,25
RWC301,10/12/2024,25
RWC301,05/02/2025,25
RWC301,02/04/2025,£25
RWC301,27/05/2025,£25
RWC303,26/08/2024,12
RWC303,23/09/2024,12
RWC303,22/10/2024,12
RWC303,18/11/2024,12
RWC303,11/12/2024,12
RWC303,16/01/2025,12
RWC303,10/02/2025,12
RWC303,10/03/2025,12
RWC303,07/04/2025,£12
RWC303,06/05/2025,£12
RWC303,02/06/2025,£12
RWC303,30/06/2025,£12
RWC304,09/08/2024,15
RWC304,06/09/2024,15
RWC304,03/10/2024,15
RWC304,01/11/2024,15
RWC304,29/11/2024,15
RWC304,19/12/2024,15
RWC304,23/01/2025,15
RWC304,20/02/2025,15
RWC304,19/03/2025,15
RWC304,14/04/2025,£15
RWC304,21/04/2025,£0
RWC304,15/05/2025,£15
RWC304,11/06/2025,£15
RWC304,11/07/2025,£15
RWC305,04/09/2024,25
RWC305,30/10/2024,25
RWC305,17/12/2024,25
RWC305,17/02/2025,25
RWC305,14/04/2025,£12
RWC305,09/06/2025,£30
RWC306,15/08/2024,25
RWC306,13/09/2024,25
RWC306,11/10/2024,25
RWC306,07/11/2024,25
RWC306,03/01/2025,25
RWC306,30/01/2025,45
RWC306,30/01/2025,70
RWC306,30/01/2025,25
RWC306,30/01/2025,40
RWC306,30/01/2025,40
RWC306,30/01/2025,40
RWC306,27/03/2025,£25
RWC306,24/04/2025,£25
RWC306,22/05/2025,£25
RWC306,18/06/2025,£25
RWC307,01/08/2024,20
RWC307,28/08/2024,20
RWC307,25/09/2024,20
RWC307,24/10/2024,20
RWC307,26/11/2024,20
RWC307,12/12/2024,20
RWC307,15/01/2025,20
RWC307,12/02/2025,20
RWC307,12/03/2025,20
RWC307,09/04/2025,22
RWC307,07/05/2025,22
RWC307,03/06/2025,£22
RWC308,05/08/2024,15
RWC308,04/09/2024,15
RWC308,04/10/2024,15
RWC308,30/10/2024,15
RWC308,27/11/2024,15
RWC308,17/12/2024,15
RWC308,20/01/2025,15
RWC308,17/02/2025,15
RWC308,17/03/2025,15
RWC308,14/04/2025,£15
RWC308,12/05/2025,£15
RWC308,09/06/2025,£15
RWC308,07/07/2025,£15
RWC309,09/09/2024,35
RWC309,06/11/2024,35
RWC309,02/01/2025,35
RWC309,25/02/2025,35
RWC309,23/04/2025,£35
RWC309,17/06/2025,£35
RWC31,02/09/2024,15
RWC31,23/09/2024,15
RWC31,22/10/2024,15
RWC31,19/11/2024,15
RWC31,11/12/2024,15
RWC31,16/01/2025,15
RWC31,11/02/2025,15
RWC31,10/03/2025,15
RWC31,07/04/2025,£15
RWC31,06/05/2025,£15
RWC31,02/06/2025,£15
RWC31,02/07/2025,£15
RWC310,08/08/2024,12
RWC310,05/09/2024,12
RWC310,02/10/2024,12
RWC310,31/10/2024,12
RWC310,28/11/2024,12
RWC310,18/12/2024,43
RWC310,18/12/2024,40
RWC310,18/12/2024,12
RWC310,22/01/2025,12
RWC310,19/02/2025,12
RWC310,18/03/2025,12
RWC310,16/04/2025,£12
RWC310,14/05/2025,£12
RWC310,10/06/2025,£12
RWC310,09/07/2025,£12
RWC311,16/09/2024,12
RWC311,10/12/2024,12
RWC311,05/02/2025,12
RWC311,02/04/2025,£12
RWC311,28/05/2025,£12
RWC312,21/08/2024,20
RWC312,05/12/2024,20
RWC312,04/02/2025,20
RWC312,01/04/2025,£20
RWC312,27/05/2025,£22
RWC313,20/08/2024,10
RWC313,17/09/2024,10
RWC313,15/10/2024,10
RWC313,12/11/2024,10
RWC313,05/12/2024,10
RWC313,07/01/2025,10
RWC313,30/01/2025,10
RWC313,04/03/2025,10
RWC313,01/04/2025,£10
RWC313,28/04/2025,£10
RWC313,26/05/2025,£10
RWC313,23/06/2025,£10
RWC314,01/08/2024,12
RWC314,28/08/2024,12
RWC314,25/09/2024,12
RWC314,24/10/2024,12
RWC314,22/11/2024,12
RWC314,12/12/2024,12
RWC314,15/01/2025,12
RWC314,12/02/2025,12
RWC314,12/03/2025,12
RWC314,08/04/2025,£15
RWC314,07/05/2025,£15
RWC314,03/06/2025,£15
RWC315,09/08/2024,12
RWC315,06/09/2024,12
RWC315,03/10/2024,12
RWC315,01/11/2024,12
RWC315,29/11/2024,12
RWC315,20/12/2024,12
RWC315,23/01/2025,12
RWC315,19/02/2025,12
RWC315,19/03/2025,12
RWC315,17/04/2025,£15
RWC315,15/05/2025,£15
RWC315,11/06/2025,£15
RWC315,10/07/2025,£15
RWC316,22/08/2024,9
RWC316,18/10/2024,18
RWC316,10/12/2024,18
RWC316,06/02/2025,9
RWC316,03/04/2025,£18
RWC316,28/05/2025,£18
RWC317,06/08/2024,20
RWC317,04/09/2024,20
RWC317,01/10/2024,20
RWC317,31/10/2024,20
RWC317,28/11/2024,20
RWC317,18/12/2024,20
RWC317,21/01/2025,20
RWC317,18/02/2025,20
RWC317,18/03/2025,20
RWC317,15/04/2025,£22
RWC317,13/05/2025,£22
RWC317,09/06/2025,£22
RWC317,08/07/2025,£22
RWC318,22/08/2024,15
RWC318,16/09/2024,15
RWC318,17/10/2024,15
RWC318,14/11/2024,15
RWC318,10/12/2024,8
RWC318,09/01/2025,15
RWC318,05/02/2025,15
RWC318,04/03/2025,10
RWC318,02/04/2025,£15
RWC318,29/04/2025,£18
RWC318,27/05/2025,£18
RWC318,25/06/2025,£18
RWC319,05/08/2024,18
RWC319,03/09/2024,18
RWC319,04/10/2024,18
RWC319,30/10/2024,18
RWC319,27/11/2024,18
RWC319,17/12/2024,18
RWC319,20/01/2025,18
RWC319,17/02/2025,18
RWC319,17/03/2025,18
RWC319,14/04/2025,£22
RWC319,12/05/2025,£22
RWC319,09/06/2025,£22
RWC319,07/07/2025,£22
RWC32,16/09/2024,30
RWC32,12/11/2024,30
RWC32,07/01/2025,30
RWC32,03/03/2025,30
RWC32,28/04/2025,£30
RWC32,23/06/2025,£30
RWC321,05/08/2024,20
RWC321,03/09/2024,20
RWC321,04/10/2024,20
RWC321,27/11/2024,20
RWC321,17/12/2024,20
RWC321,20/01/2025,20
RWC321,17/03/2025,20
RWC321,12/05/2025,£25
RWC321,09/06/2025,£25
RWC321,07/07/2025,£25
RWC322,06/11/2024,35
RWC322,02/01/2025,35
RWC322,25/02/2025,15
RWC322,23/04/2025,£35
RWC322,17/06/2025,£35
RWC323,05/08/2024,15
RWC323,03/09/2024,15
RWC323,04/10/2024,15
RWC323,30/10/2024,15
RWC323,27/11/2024,15
RWC323,17/12/2024,15
RWC323,20/01/2025,15
RWC323,17/02/2025,15
RWC323,17/03/2025,15
RWC323,14/04/2025,£20
RWC323,12/05/2025,£20
RWC323,09/06/2025,£20
RWC323,07/07/2025,£20
RWC324,03/09/2024,20
RWC324,30/10/2024,25
RWC324,17/12/2024,25
RWC324,17/02/2025,25
RWC324,14/04/2025,£25
RWC324,09/06/2025,£30
RWC325,09/10/2024,18
RWC325,05/11/2024,18
RWC325,31/12/2024,18
RWC325,24/02/2025,18
RWC325,21/04/2025,£18
RWC325,16/06/2025,£22
RWC326,05/08/2024,22
RWC326,04/10/2024,22
RWC326,27/11/2024,22
RWC326,20/01/2025,22
RWC326,17/03/2025,22
RWC326,12/05/2025,£25
RWC326,07/07/2025,£25
RWC327,13/08/2024,12
RWC327,09/09/2024,12
RWC327,09/10/2024,12
RWC327,08/11/2024,8
RWC327,03/12/2024,12
RWC327,31/12/2024,12
RWC327,28/01/2025,12
RWC327,25/02/2025,12
RWC327,22/04/2025,£12
RWC327,19/05/2025,£12
RWC327,16/06/2025,£12
RWC328,26/08/2024,20
RWC328,23/09/2024,20
RWC328,22/10/2024,20
RWC328,18/11/2024,20
RWC328,16/01/2025,20
RWC328,10/02/2025,20
RWC328,11/03/2025,20
RWC328,07/04/2025,£22
RWC328,06/05/2025,£22
RWC328,02/06/2025,£22
RWC328,30/06/2025,£22
RWC33,05/08/2024,20
RWC33,04/10/2024,20
RWC33,27/11/2024,20
RWC33,20/01/2025,20
RWC33,17/03/2025,20
RWC33,12/05/2025,£20
RWC33,07/07/2025,£20
RWC330,14/08/2024,12
RWC330,11/10/2024,12
RWC330,07/11/2024,12
RWC330,09/11/2024,12
RWC330,04/12/2024,12
RWC330,03/01/2025,12
RWC330,29/01/2025,12
RWC330,26/02/2025,12
RWC330,26/03/2025,£12
RWC330,23/04/2025,£15
RWC330,22/05/2025,£15
RWC330,18/06/2025,£15
RWC332,15/08/2024,18
RWC332,11/10/2024,18
RWC332,04/12/2024,18
RWC332,30/01/2025,18
RWC332,27/03/2025,£18
RWC332,22/05/2025,£18
RWC333,14/08/2024,5
RWC333,11/10/2024,5
RWC333,07/11/2024,5
RWC333,09/11/2024,5
RWC333,04/12/2024,5
RWC333,03/01/2025,5
RWC333,29/01/2025,5
RWC333,26/02/2025,5
RWC333,26/03/2025,£5
RWC333,23/04/2025,£8
RWC333,22/05/2025,£8
RWC333,18/06/2025,£8
RWC334,15/08/2024,75
RWC334,15/08/2024,10
RWC334,11/10/2024,10
RWC334,11/10/2024,75
RWC334,04/12/2024,10
RWC334,04/12/2024,75
RWC334,30/01/2025,10
RWC334,30/01/2025,75
RWC334,27/03/2025,£10
RWC334,24/04/2025,£10
RWC334,24/04/2025,£75
RWC334,22/05/2025,£10
RWC334,22/05/2025,£75
RWC335,01/08/2024,20
RWC335,30/08/2024,20
RWC335,26/09/2024,20
